restaurant_id,city,restaurant,category,item_name,price_usd,price_type,platform,source_url,verified_date,photo_url,photo_status,description,currency,verification_status
charlotte_midwood_smokehouse_-_central,Charlotte,Midwood Smokehouse - Central,Starters,Cornbread Skillet,11.00,listed,Official pickup,https://order.midwoodsmokehouse.com/order/midwood-smokehouse-central-1401-central-ave,2026-10-10,,not_licensed_or_verified,,USD,source_linked_prior_batch
charlotte_midwood_smokehouse_-_central,Charlotte,Midwood Smokehouse - Central,Starters,Hushpuppies - Small,5.00,listed,Official pickup,https://order.midwoodsmokehouse.com/order/midwood-smokehouse-central-1401-central-ave,2026-10-10,,not_licensed_or_verified,,USD,source_linked_prior_batch
charlotte_midwood_smokehouse_-_central,Charlotte,Midwood Smokehouse - Central,Starters,Hushpuppies - Large,7.00,listed,Official pickup,https://order.midwoodsmokehouse.com/order/midwood-smokehouse-central-1401-central-ave,2026-10-10,,not_licensed_or_verified,,USD,source_linked_prior_batch
charlotte_midwood_smokehouse_-_central,Charlotte,Midwood Smokehouse - Central,Starters,Smoked Wings,15.00,listed,Official pickup,https://order.midwoodsmokehouse.com/order/midwood-smokehouse-central-1401-central-ave,2026-10-10,,not_licensed_or_verified,,USD,source_linked_prior_batch
charlotte_midwood_smokehouse_-_central,Charlotte,Midwood Smokehouse - Central,Starters,Crispy Wings,15.00,listed,Official pickup,https://order.midwoodsmokehouse.com/order/midwood-smokehouse-central-1401-central-ave,2026-10-10,,not_licensed_or_verified,,USD,source_linked_prior_batch
charlotte_midwood_smokehouse_-_central,Charlotte,Midwood Smokehouse - Central,Starters,Mateo's Taquitos,10.00,listed,Official pickup,https://order.midwoodsmokehouse.com/order/midwood-smokehouse-central-1401-central-ave,2026-10-10,,not_licensed_or_verified,,USD,source_linked_prior_batch
charlotte_midwood_smokehouse_-_central,Charlotte,Midwood Smokehouse - Central,Starters,Miguel's Queso,8.00,listed,Official pickup,https://order.midwoodsmokehouse.com/order/midwood-smokehouse-central-1401-central-ave,2026-10-10,,not_licensed_or_verified,,USD,source_linked_prior_batch
charlotte_midwood_smokehouse_-_central,Charlotte,Midwood Smokehouse - Central,Starters,Nachos Libre,10.00,listed,Official pickup,https://order.midwoodsmokehouse.com/order/midwood-smokehouse-central-1401-central-ave,2026-10-10,,not_licensed_or_verified,,USD,source_linked_prior_batch
charlotte_midwood_smokehouse_-_charlotte_delivery,Charlotte,Midwood Smokehouse - Charlotte delivery,BBQ,Ribs - Half Rack,24.57,listed,DoorDash,https://www.doordash.com/en/store/midwood-smokehouse-charlotte-131969/,2026-10-10,,not_licensed_or_verified,,USD,source_linked_prior_batch
charlotte_midwood_smokehouse_-_charlotte_delivery,Charlotte,Midwood Smokehouse - Charlotte delivery,BBQ,Carolina Pork - Small,14.04,listed,DoorDash,https://www.doordash.com/en/store/midwood-smokehouse-charlotte-131969/,2026-10-10,,not_licensed_or_verified,,USD,source_linked_prior_batch
charlotte_midwood_smokehouse_-_charlotte_delivery,Charlotte,Midwood Smokehouse - Charlotte delivery,BBQ,Pulled Chicken - Large,19.88,listed,DoorDash,https://www.doordash.com/en/store/midwood-smokehouse-charlotte-131969/,2026-10-10,,not_licensed_or_verified,,USD,source_linked_prior_batch
charlotte_midwood_smokehouse_-_charlotte_delivery,Charlotte,Midwood Smokehouse - Charlotte delivery,BBQ,Burnt Ends - Small,22.81,listed,DoorDash,https://www.doordash.com/en/store/midwood-smokehouse-charlotte-131969/,2026-10-10,,not_licensed_or_verified,,USD,source_linked_prior_batch
charlotte_midwood_smokehouse_-_charlotte_delivery,Charlotte,Midwood Smokehouse - Charlotte delivery,BBQ,Half Chicken,17.55,listed,DoorDash,https://www.doordash.com/en/store/midwood-smokehouse-charlotte-131969/,2026-10-10,,not_licensed_or_verified,,USD,source_linked_prior_batch
charlotte_midwood_smokehouse_-_charlotte_delivery,Charlotte,Midwood Smokehouse - Charlotte delivery,Tacos,Birriabecue Tacos,16.38,listed,DoorDash,https://www.doordash.com/en/store/midwood-smokehouse-charlotte-131969/,2026-10-10,,not_licensed_or_verified,,USD,source_linked_prior_batch
charlotte_midwood_smokehouse_-_charlotte_delivery,Charlotte,Midwood Smokehouse - Charlotte delivery,Sandwiches,Pork Sandwich,13.45,listed,DoorDash,https://www.doordash.com/en/store/midwood-smokehouse-charlotte-131969/,2026-10-10,,not_licensed_or_verified,,USD,source_linked_prior_batch
charlotte_midwood_smokehouse_-_charlotte_delivery,Charlotte,Midwood Smokehouse - Charlotte delivery,Sandwiches,Brisket Sandwich,16.38,listed,DoorDash,https://www.doordash.com/en/store/midwood-smokehouse-charlotte-131969/,2026-10-10,,not_licensed_or_verified,,USD,source_linked_prior_batch
charlotte_midwood_smokehouse_-_charlotte_delivery,Charlotte,Midwood Smokehouse - Charlotte delivery,Sandwiches,Lonestar,19.88,listed,DoorDash,https://www.doordash.com/en/store/midwood-smokehouse-charlotte-131969/,2026-10-10,,not_licensed_or_verified,,USD,source_linked_prior_batch
charlotte_midwood_smokehouse_-_charlotte_delivery,Charlotte,Midwood Smokehouse - Charlotte delivery,Sandwiches,1930 Cheesesteak,21.06,listed,DoorDash,https://www.doordash.com/en/store/midwood-smokehouse-charlotte-131969/,2026-10-10,,not_licensed_or_verified,,USD,source_linked_prior_batch
charlotte_midwood_smokehouse_-_charlotte_delivery,Charlotte,Midwood Smokehouse - Charlotte delivery,Sides,Mac & Cheese,4.68,listed,DoorDash,https://www.doordash.com/en/store/midwood-smokehouse-charlotte-131969/,2026-10-10,,not_licensed_or_verified,,USD,source_linked_prior_batch
charlotte_midwood_smokehouse_-_charlotte_delivery,Charlotte,Midwood Smokehouse - Charlotte delivery,Sides,Collard Greens,4.68,listed,DoorDash,https://www.doordash.com/en/store/midwood-smokehouse-charlotte-131969/,2026-10-10,,not_licensed_or_verified,,USD,source_linked_prior_batch
charlotte_midwood_smokehouse_-_charlotte_delivery,Charlotte,Midwood Smokehouse - Charlotte delivery,Sides,Baked Beans,4.68,listed,DoorDash,https://www.doordash.com/en/store/midwood-smokehouse-charlotte-131969/,2026-10-10,,not_licensed_or_verified,,USD,source_linked_prior_batch
miami_coyo_taco_-_bayside,Miami,Coyo Taco - Bayside,Burrito bowls,Carne Asada Burrito Bowl,18.50,listed,DoorDash,https://www.doordash.com/store/coyo-taco-46140901/,2026-10-10,,not_licensed_or_verified,,USD,source_linked_prior_batch
miami_coyo_taco_-_bayside,Miami,Coyo Taco - Bayside,Quesadillas,Pollo al Carbon Quesadilla,18.50,listed,DoorDash,https://www.doordash.com/store/coyo-taco-46140901/,2026-10-10,,not_licensed_or_verified,,USD,source_linked_prior_batch
miami_coyo_taco_-_bayside,Miami,Coyo Taco - Bayside,Burrito bowls,Plain Burrito Bowl,16.50,listed,DoorDash,https://www.doordash.com/store/coyo-taco-46140901/,2026-10-10,,not_licensed_or_verified,,USD,source_linked_prior_batch
miami_coyo_taco_-_bayside,Miami,Coyo Taco - Bayside,Burritos,Carne Asada Burrito,18.50,listed,DoorDash,https://www.doordash.com/store/coyo-taco-46140901/,2026-10-10,,not_licensed_or_verified,,USD,source_linked_prior_batch
miami_coyo_taco_-_bayside,Miami,Coyo Taco - Bayside,Quesadillas,Beef Birria Quesadilla,19.50,listed,DoorDash,https://www.doordash.com/store/coyo-taco-46140901/,2026-10-10,,not_licensed_or_verified,,USD,source_linked_prior_batch
miami_coyo_taco_-_bayside,Miami,Coyo Taco - Bayside,Tacos,Beef Birria Tacos,14.00,listed,DoorDash,https://www.doordash.com/store/coyo-taco-46140901/,2026-10-10,,not_licensed_or_verified,,USD,source_linked_prior_batch
miami_coyo_taco_-_bayside,Miami,Coyo Taco - Bayside,Burrito bowls,Al Pastor Burrito Bowl,17.50,listed,DoorDash,https://www.doordash.com/store/coyo-taco-46140901/,2026-10-10,,not_licensed_or_verified,,USD,source_linked_prior_batch
nashville_hattie_bs_hot_chicken_-_nashville,Nashville,Hattie B's Hot Chicken - Nashville,Sandwiches,Classic Sandwich w/1 Side,10.75,listed,Official menu,https://www.hattieb.com/menu-w-pricing,2026-10-10,,not_licensed_or_verified,,USD,source_linked_prior_batch
nashville_hattie_bs_hot_chicken_-_nashville,Nashville,Hattie B's Hot Chicken - Nashville,Sandwiches,Classic Sandwich Only,9.25,listed,Official menu,https://www.hattieb.com/menu-w-pricing,2026-10-10,,not_licensed_or_verified,,USD,source_linked_prior_batch
nashville_hattie_bs_hot_chicken_-_nashville,Nashville,Hattie B's Hot Chicken - Nashville,Sandwiches,Grilled Sandwich w/1 Side,10.75,listed,Official menu,https://www.hattieb.com/menu-w-pricing,2026-10-10,,not_licensed_or_verified,,USD,source_linked_prior_batch
nashville_hattie_bs_hot_chicken_-_nashville,Nashville,Hattie B's Hot Chicken - Nashville,Sandwiches,Grilled Sandwich Only,9.25,listed,Official menu,https://www.hattieb.com/menu-w-pricing,2026-10-10,,not_licensed_or_verified,,USD,source_linked_prior_batch
nashville_hattie_bs_hot_chicken_-_nashville,Nashville,Hattie B's Hot Chicken - Nashville,Add-ons,American or Pimento Cheese,1.00,listed,Official menu,https://www.hattieb.com/menu-w-pricing,2026-10-10,,not_licensed_or_verified,,USD,source_linked_prior_batch
washington_dc_bens_chili_bowl_-_washington,Washington DC,Ben's Chili Bowl - Washington,Dogs,Original Half-Smoke,9.79,listed,DoorDash,https://www.doordash.com/store/ben-s-chili-bowl-washington-235957/,2026-10-10,,not_licensed_or_verified,,USD,source_linked_prior_batch
washington_dc_bens_chili_bowl_-_washington,Washington DC,Ben's Chili Bowl - Washington,Dogs,Spicy Half Smoke,9.79,listed,DoorDash,https://www.doordash.com/store/ben-s-chili-bowl-washington-235957/,2026-10-10,,not_licensed_or_verified,,USD,source_linked_prior_batch
washington_dc_bens_chili_bowl_-_washington,Washington DC,Ben's Chili Bowl - Washington,Dogs,Jumbo Beef Dog,9.79,listed,DoorDash,https://www.doordash.com/store/ben-s-chili-bowl-washington-235957/,2026-10-10,,not_licensed_or_verified,,USD,source_linked_prior_batch
washington_dc_bens_chili_bowl_-_washington,Washington DC,Ben's Chili Bowl - Washington,Dogs,Junior Dog,6.89,listed,DoorDash,https://www.doordash.com/store/ben-s-chili-bowl-washington-235957/,2026-10-10,,not_licensed_or_verified,,USD,source_linked_prior_batch
washington_dc_bens_chili_bowl_-_washington,Washington DC,Ben's Chili Bowl - Washington,Dogs,Veggie Dog,12.69,listed,DoorDash,https://www.doordash.com/store/ben-s-chili-bowl-washington-235957/,2026-10-10,,not_licensed_or_verified,,USD,source_linked_prior_batch
washington_dc_bens_chili_bowl_-_washington,Washington DC,Ben's Chili Bowl - Washington,Burgers,Ben's Famous Burger - Single,10.99,listed,DoorDash,https://www.doordash.com/store/ben-s-chili-bowl-washington-235957/,2026-10-10,,not_licensed_or_verified,,USD,source_linked_prior_batch
washington_dc_bens_chili_bowl_-_washington,Washington DC,Ben's Chili Bowl - Washington,Sides,French Fries,5.79,listed,DoorDash,https://www.doordash.com/store/ben-s-chili-bowl-washington-235957/,2026-10-10,,not_licensed_or_verified,,USD,source_linked_prior_batch
washington_dc_bens_chili_bowl_-_washington,Washington DC,Ben's Chili Bowl - Washington,Sides,Chili Cheese Fries (Beef),9.99,listed,DoorDash,https://www.doordash.com/store/ben-s-chili-bowl-washington-235957/,2026-10-10,,not_licensed_or_verified,,USD,source_linked_prior_batch
washington_dc_bens_chili_bowl_-_washington,Washington DC,Ben's Chili Bowl - Washington,Bowls,Large Chili Con Carne,11.49,listed,DoorDash,https://www.doordash.com/store/ben-s-chili-bowl-washington-235957/,2026-10-10,,not_licensed_or_verified,,USD,source_linked_prior_batch
washington_dc_bens_chili_bowl_-_washington,Washington DC,Ben's Chili Bowl - Washington,Bowls,Large Veggie Chili,11.49,listed,DoorDash,https://www.doordash.com/store/ben-s-chili-bowl-washington-235957/,2026-10-10,,not_licensed_or_verified,,USD,source_linked_prior_batch
washington_dc_bens_chili_bowl_-_washington,Washington DC,Ben's Chili Bowl - Washington,Bowls,Small Chili Con Carne,9.19,listed,DoorDash,https://www.doordash.com/store/ben-s-chili-bowl-washington-235957/,2026-10-10,,not_licensed_or_verified,,USD,source_linked_prior_batch
washington_dc_bens_chili_bowl_-_washington,Washington DC,Ben's Chili Bowl - Washington,Bowls,Rice Bowl,14.99,listed,DoorDash,https://www.doordash.com/store/ben-s-chili-bowl-washington-235957/,2026-10-10,,not_licensed_or_verified,,USD,source_linked_prior_batch
washington_dc_bens_chili_bowl_-_washington,Washington DC,Ben's Chili Bowl - Washington,Desserts,Ben's Cornbread Slice,2.50,listed,DoorDash,https://www.doordash.com/store/ben-s-chili-bowl-washington-235957/,2026-10-10,,not_licensed_or_verified,,USD,source_linked_prior_batch
chicago_portillos_-_chicago,Chicago,Portillo's - Chicago,Sandwiches,Italian Beef Sandwich,11.11+,starting_at,DoorDash,https://www.doordash.com/en/store/portillos-50831/,2026-10-10,,not_licensed_or_verified,,USD,source_linked_prior_batch
chicago_portillos_-_chicago,Chicago,Portillo's - Chicago,Hot Dogs,Hot Dog,5.74+,starting_at,DoorDash,https://www.doordash.com/en/store/portillos-50831/,2026-10-10,,not_licensed_or_verified,,USD,source_linked_prior_batch
chicago_portillos_-_chicago,Chicago,Portillo's - Chicago,Sides,Fries,4.24+,starting_at,DoorDash,https://www.doordash.com/en/store/portillos-50831/,2026-10-10,,not_licensed_or_verified,,USD,source_linked_prior_batch
chicago_portillos_-_chicago,Chicago,Portillo's - Chicago,Sides,Cheese Fries,4.24+,starting_at,DoorDash,https://www.doordash.com/en/store/portillos-50831/,2026-10-10,,not_licensed_or_verified,,USD,source_linked_prior_batch
chicago_portillos_-_chicago,Chicago,Portillo's - Chicago,Sandwiches,Beef & Cheddar Croissant,11.61,listed,DoorDash,https://www.doordash.com/en/store/portillos-50831/,2026-10-10,,not_licensed_or_verified,,USD,source_linked_prior_batch
chicago_portillos_-_chicago,Chicago,Portillo's - Chicago,Bowls,Classic Beef Bowl,11.24,listed,DoorDash,https://www.doordash.com/en/store/portillos-50831/,2026-10-10,,not_licensed_or_verified,,USD,source_linked_prior_batch
chicago_portillos_-_chicago,Chicago,Portillo's - Chicago,Bowls,Chicago Combo Bowl,11.86,listed,DoorDash,https://www.doordash.com/en/store/portillos-50831/,2026-10-10,,not_licensed_or_verified,,USD,source_linked_prior_batch
chicago_portillos_-_chicago,Chicago,Portillo's - Chicago,Sausage,Char Grilled Maxwell Street Polish Sausage,9.36+,starting_at,DoorDash,https://www.doordash.com/en/store/portillos-50831/,2026-10-10,,not_licensed_or_verified,,USD,source_linked_prior_batch
chicago_portillos_-_chicago,Chicago,Portillo's - Chicago,Sandwiches,Combo Beef & Char Grilled Italian Sausage Sandwich,12.99+,starting_at,DoorDash,https://www.doordash.com/en/store/portillos-50831/,2026-10-10,,not_licensed_or_verified,,USD,source_linked_prior_batch
chicago_portillos_-_chicago,Chicago,Portillo's - Chicago,Meals,Famous Meal #1: Italian Beef Sandwich,15.35+,starting_at,DoorDash,https://www.doordash.com/en/store/portillos-50831/,2026-10-10,,not_licensed_or_verified,,USD,source_linked_prior_batch
chicago_portillos_-_chicago,Chicago,Portillo's - Chicago,Meals,Famous Meal #2: Two Hot Dogs,15.72+,starting_at,DoorDash,https://www.doordash.com/en/store/portillos-50831/,2026-10-10,,not_licensed_or_verified,,USD,source_linked_prior_batch
chicago_portillos_-_chicago,Chicago,Portillo's - Chicago,Salads,Chopped Salad,16.99,listed,DoorDash,https://www.doordash.com/en/store/portillos-50831/,2026-10-10,,not_licensed_or_verified,,USD,source_linked_prior_batch
philadelphia_federal_donuts_and_chicken_-_philadelphia,Philadelphia,Federal Donuts & Chicken - Philadelphia,Chicken,Original Fried Chicken Sandwich,11.00,listed,DoorDash,https://www.doordash.com/store/federal-donuts-philadelphia-1016826/,2026-10-10,,not_licensed_or_verified,,USD,source_linked_prior_batch
philadelphia_federal_donuts_and_chicken_-_philadelphia,Philadelphia,Federal Donuts & Chicken - Philadelphia,Combos,Original Chicken Sandwich Combo,15.40,listed,DoorDash,https://www.doordash.com/store/federal-donuts-philadelphia-1016826/,2026-10-10,,not_licensed_or_verified,,USD,source_linked_prior_batch
philadelphia_federal_donuts_and_chicken_-_philadelphia,Philadelphia,Federal Donuts & Chicken - Philadelphia,Donuts,Hot Dozen,22.00,listed,DoorDash,https://www.doordash.com/store/federal-donuts-philadelphia-1016826/,2026-10-10,,not_licensed_or_verified,,USD,source_linked_prior_batch
philadelphia_federal_donuts_and_chicken_-_philadelphia,Philadelphia,Federal Donuts & Chicken - Philadelphia,Donuts,Hot Half,12.10,listed,DoorDash,https://www.doordash.com/store/federal-donuts-philadelphia-1016826/,2026-10-10,,not_licensed_or_verified,,USD,source_linked_prior_batch
philadelphia_federal_donuts_and_chicken_-_philadelphia,Philadelphia,Federal Donuts & Chicken - Philadelphia,Donuts,Fancy Dozen,35.20,listed,DoorDash,https://www.doordash.com/store/federal-donuts-philadelphia-1016826/,2026-10-10,,not_licensed_or_verified,,USD,source_linked_prior_batch
philadelphia_federal_donuts_and_chicken_-_philadelphia,Philadelphia,Federal Donuts & Chicken - Philadelphia,Donuts,Fancy Half Dozen,19.80,listed,DoorDash,https://www.doordash.com/store/federal-donuts-philadelphia-1016826/,2026-10-10,,not_licensed_or_verified,,USD,source_linked_prior_batch
midwood_smokehouse_central,Charlotte,Midwood Smokehouse - Central,Starters,Mateo’s Taquitos,10.00,listed,Official pickup,https://order.midwoodsmokehouse.com/order/midwood-smokehouse-central-1401-central-ave,2026-10-10,,not_licensed_or_verified,,USD,source_linked_new_batch
midwood_smokehouse_central,Charlotte,Midwood Smokehouse - Central,Starters,Miguel’s Queso,8.00,listed,Official pickup,https://order.midwoodsmokehouse.com/order/midwood-smokehouse-central-1401-central-ave,2026-10-10,,not_licensed_or_verified,,USD,source_linked_new_batch
midwood_smokehouse_central,Charlotte,Midwood Smokehouse - Central,Sandwiches,Pork Sandwich,11.50,listed,Official pickup,https://order.midwoodsmokehouse.com/order/midwood-smokehouse-central-1401-central-ave,2026-10-10,,not_licensed_or_verified,,USD,source_linked_new_batch
midwood_smokehouse_central,Charlotte,Midwood Smokehouse - Central,Sandwiches,Roadhouse,15.00,listed,Official pickup,https://order.midwoodsmokehouse.com/order/midwood-smokehouse-central-1401-central-ave,2026-10-10,,not_licensed_or_verified,,USD,source_linked_new_batch
midwood_smokehouse_central,Charlotte,Midwood Smokehouse - Central,Sandwiches,Smokehouse Smash Burger,15.00,listed,Official pickup,https://order.midwoodsmokehouse.com/order/midwood-smokehouse-central-1401-central-ave,2026-10-10,,not_licensed_or_verified,,USD,source_linked_new_batch
midwood_smokehouse_central,Charlotte,Midwood Smokehouse - Central,Sandwiches,Smoked Chicken Caesar Wrap,14.00,listed,Official pickup,https://order.midwoodsmokehouse.com/order/midwood-smokehouse-central-1401-central-ave,2026-10-10,,not_licensed_or_verified,,USD,source_linked_new_batch
midwood_smokehouse_central,Charlotte,Midwood Smokehouse - Central,Sandwiches,1930 Cheesesteak,18.00,listed,Official pickup,https://order.midwoodsmokehouse.com/order/midwood-smokehouse-central-1401-central-ave,2026-10-10,,not_licensed_or_verified,,USD,source_linked_new_batch
midwood_smokehouse_central,Charlotte,Midwood Smokehouse - Central,Sandwiches,Smoked Chicken Cheesesteak,17.00,listed,Official pickup,https://order.midwoodsmokehouse.com/order/midwood-smokehouse-central-1401-central-ave,2026-10-10,,not_licensed_or_verified,,USD,source_linked_new_batch
midwood_smokehouse_central,Charlotte,Midwood Smokehouse - Central,Sandwiches,Brisket Sandwich,14.00,listed,Official pickup,https://order.midwoodsmokehouse.com/order/midwood-smokehouse-central-1401-central-ave,2026-10-10,,not_licensed_or_verified,,USD,source_linked_new_batch
midwood_smokehouse_central,Charlotte,Midwood Smokehouse - Central,Sandwiches,Lonestar,17.00,listed,Official pickup,https://order.midwoodsmokehouse.com/order/midwood-smokehouse-central-1401-central-ave,2026-10-10,,not_licensed_or_verified,,USD,source_linked_new_batch
midwood_smokehouse_central,Charlotte,Midwood Smokehouse - Central,Salads,Caesar Salad,8.00,listed,Official pickup,https://order.midwoodsmokehouse.com/order/midwood-smokehouse-central-1401-central-ave,2026-10-10,,not_licensed_or_verified,,USD,source_linked_new_batch
midwood_smokehouse_central,Charlotte,Midwood Smokehouse - Central,Salads,Chopped Salad - Small,8.00,listed,Official pickup,https://order.midwoodsmokehouse.com/order/midwood-smokehouse-central-1401-central-ave,2026-10-10,,not_licensed_or_verified,,USD,source_linked_new_batch
midwood_smokehouse_central,Charlotte,Midwood Smokehouse - Central,Salads,Chopped Salad - Large,13.00,listed,Official pickup,https://order.midwoodsmokehouse.com/order/midwood-smokehouse-central-1401-central-ave,2026-10-10,,not_licensed_or_verified,,USD,source_linked_new_batch
midwood_smokehouse_central,Charlotte,Midwood Smokehouse - Central,Salads,Downstream Salmon,18.00,listed,Official pickup,https://order.midwoodsmokehouse.com/order/midwood-smokehouse-central-1401-central-ave,2026-10-10,,not_licensed_or_verified,,USD,source_linked_new_batch
midwood_smokehouse_central,Charlotte,Midwood Smokehouse - Central,Salads,Fixin’ To Chicken,13.00,listed,Official pickup,https://order.midwoodsmokehouse.com/order/midwood-smokehouse-central-1401-central-ave,2026-10-10,,not_licensed_or_verified,,USD,source_linked_new_batch
midwood_smokehouse_central,Charlotte,Midwood Smokehouse - Central,Salads,Tex Mex BBQ Bowl,12.00,listed,Official pickup,https://order.midwoodsmokehouse.com/order/midwood-smokehouse-central-1401-central-ave,2026-10-10,,not_licensed_or_verified,,USD,source_linked_new_batch
midwood_smokehouse_central,Charlotte,Midwood Smokehouse - Central,Salads,Create Your Own Salad - Small,8.00,listed,Official pickup,https://order.midwoodsmokehouse.com/order/midwood-smokehouse-central-1401-central-ave,2026-10-10,,not_licensed_or_verified,,USD,source_linked_new_batch
midwood_smokehouse_central,Charlotte,Midwood Smokehouse - Central,Salads,Create Your Own Salad - Large,13.00,listed,Official pickup,https://order.midwoodsmokehouse.com/order/midwood-smokehouse-central-1401-central-ave,2026-10-10,,not_licensed_or_verified,,USD,source_linked_new_batch
midwood_smokehouse_central,Charlotte,Midwood Smokehouse - Central,BBQ,Barbecue Glazed Salmon,15.00,listed,Official pickup,https://order.midwoodsmokehouse.com/order/midwood-smokehouse-central-1401-central-ave,2026-10-10,,not_licensed_or_verified,,USD,source_linked_new_batch
midwood_smokehouse_central,Charlotte,Midwood Smokehouse - Central,BBQ,Ribs - Half Rack,21.00,listed,Official pickup,https://order.midwoodsmokehouse.com/order/midwood-smokehouse-central-1401-central-ave,2026-10-10,,not_licensed_or_verified,,USD,source_linked_new_batch
midwood_smokehouse_central,Charlotte,Midwood Smokehouse - Central,BBQ,Ribs - Whole Rack,38.00,listed,Official pickup,https://order.midwoodsmokehouse.com/order/midwood-smokehouse-central-1401-central-ave,2026-10-10,,not_licensed_or_verified,,USD,source_linked_new_batch
midwood_smokehouse_central,Charlotte,Midwood Smokehouse - Central,BBQ,Sausage - Small,14.00,listed,Official pickup,https://order.midwoodsmokehouse.com/order/midwood-smokehouse-central-1401-central-ave,2026-10-10,,not_licensed_or_verified,,USD,source_linked_new_batch
midwood_smokehouse_central,Charlotte,Midwood Smokehouse - Central,BBQ,Sausage - Large,21.00,listed,Official pickup,https://order.midwoodsmokehouse.com/order/midwood-smokehouse-central-1401-central-ave,2026-10-10,,not_licensed_or_verified,,USD,source_linked_new_batch
midwood_smokehouse_central,Charlotte,Midwood Smokehouse - Central,BBQ,Well Fed,39.00,listed,Official pickup,https://order.midwoodsmokehouse.com/order/midwood-smokehouse-central-1401-central-ave,2026-10-10,,not_licensed_or_verified,,USD,source_linked_new_batch
midwood_smokehouse_central,Charlotte,Midwood Smokehouse - Central,BBQ,Pig Out,54.00,listed,Official pickup,https://order.midwoodsmokehouse.com/order/midwood-smokehouse-central-1401-central-ave,2026-10-10,,not_licensed_or_verified,,USD,source_linked_new_batch
midwood_smokehouse_central,Charlotte,Midwood Smokehouse - Central,BBQ,Whole Chicken Dinner,30.00,listed,Official pickup,https://order.midwoodsmokehouse.com/order/midwood-smokehouse-central-1401-central-ave,2026-10-10,,not_licensed_or_verified,,USD,source_linked_new_batch
midwood_smokehouse_central,Charlotte,Midwood Smokehouse - Central,BBQ,Beef Brisket - 1 Pound,34.00,listed,Official pickup,https://order.midwoodsmokehouse.com/order/midwood-smokehouse-central-1401-central-ave,2026-10-10,,not_licensed_or_verified,,USD,source_linked_new_batch
midwood_smokehouse_central,Charlotte,Midwood Smokehouse - Central,BBQ,Chopped Pork - 1 Pound,15.00,listed,Official pickup,https://order.midwoodsmokehouse.com/order/midwood-smokehouse-central-1401-central-ave,2026-10-10,,not_licensed_or_verified,,USD,source_linked_new_batch
midwood_smokehouse_central,Charlotte,Midwood Smokehouse - Central,BBQ,Pulled Chicken - 1 Pound,19.00,listed,Official pickup,https://order.midwoodsmokehouse.com/order/midwood-smokehouse-central-1401-central-ave,2026-10-10,,not_licensed_or_verified,,USD,source_linked_new_batch
fox_bros_bar_b_q_the_que_osk,Atlanta,Fox Bros Bar-B-Q - The Que-Osk,Sandwiches,Pulled Pork Sandwich,13.00,listed,Official restaurant menu,https://www.foxbrosbbq.com/the-queosk,2026-10-10,,not_licensed_or_verified,,USD,source_linked_new_batch
fox_bros_bar_b_q_the_que_osk,Atlanta,Fox Bros Bar-B-Q - The Que-Osk,Sandwiches,Jalapeño Cheddar Sausage Sandwich,6.00,listed,Official restaurant menu,https://www.foxbrosbbq.com/the-queosk,2026-10-10,,not_licensed_or_verified,,USD,source_linked_new_batch
fox_bros_bar_b_q_the_que_osk,Atlanta,Fox Bros Bar-B-Q - The Que-Osk,Sandwiches,Chicken Salad Sandwich,13.00,listed,Official restaurant menu,https://www.foxbrosbbq.com/the-queosk,2026-10-10,,not_licensed_or_verified,,USD,source_linked_new_batch
fox_bros_bar_b_q_the_que_osk,Atlanta,Fox Bros Bar-B-Q - The Que-Osk,Sandwiches,Big Tex Sandwich,19.00,listed,Official restaurant menu,https://www.foxbrosbbq.com/the-queosk,2026-10-10,,not_licensed_or_verified,,USD,source_linked_new_batch
fox_bros_bar_b_q_the_que_osk,Atlanta,Fox Bros Bar-B-Q - The Que-Osk,Sandwiches,Brisket Sandwich,18.00,listed,Official restaurant menu,https://www.foxbrosbbq.com/the-queosk,2026-10-10,,not_licensed_or_verified,,USD,source_linked_new_batch
fox_bros_bar_b_q_the_que_osk,Atlanta,Fox Bros Bar-B-Q - The Que-Osk,Sandwiches,Pulled Chicken Sandwich,16.00,listed,Official restaurant menu,https://www.foxbrosbbq.com/the-queosk,2026-10-10,,not_licensed_or_verified,,USD,source_linked_new_batch
fox_bros_bar_b_q_the_que_osk,Atlanta,Fox Bros Bar-B-Q - The Que-Osk,Sandwiches,Pimento Cheese Sandwich,9.00,listed,Official restaurant menu,https://www.foxbrosbbq.com/the-queosk,2026-10-10,,not_licensed_or_verified,,USD,source_linked_new_batch
fox_bros_bar_b_q_the_que_osk,Atlanta,Fox Bros Bar-B-Q - The Que-Osk,Plates,Brisket Plate,25.00,listed,Official restaurant menu,https://www.foxbrosbbq.com/the-queosk,2026-10-10,,not_licensed_or_verified,,USD,source_linked_new_batch
fox_bros_bar_b_q_the_que_osk,Atlanta,Fox Bros Bar-B-Q - The Que-Osk,Plates,Smoked Chicken Plate,18.00,listed,Official restaurant menu,https://www.foxbrosbbq.com/the-queosk,2026-10-10,,not_licensed_or_verified,,USD,source_linked_new_batch
fox_bros_bar_b_q_the_que_osk,Atlanta,Fox Bros Bar-B-Q - The Que-Osk,Plates,Combo Plate,23.00,listed,Official restaurant menu,https://www.foxbrosbbq.com/the-queosk,2026-10-10,,not_licensed_or_verified,,USD,source_linked_new_batch
fox_bros_bar_b_q_the_que_osk,Atlanta,Fox Bros Bar-B-Q - The Que-Osk,Plates,Everything Plate,35.00,listed,Official restaurant menu,https://www.foxbrosbbq.com/the-queosk,2026-10-10,,not_licensed_or_verified,,USD,source_linked_new_batch
fox_bros_bar_b_q_the_que_osk,Atlanta,Fox Bros Bar-B-Q - The Que-Osk,Plates,Pulled Pork Plate,16.00,listed,Official restaurant menu,https://www.foxbrosbbq.com/the-queosk,2026-10-10,,not_licensed_or_verified,,USD,source_linked_new_batch
fox_bros_bar_b_q_the_que_osk,Atlanta,Fox Bros Bar-B-Q - The Que-Osk,Plates,BC Plate,29.00,listed,Official restaurant menu,https://www.foxbrosbbq.com/the-queosk,2026-10-10,,not_licensed_or_verified,,USD,source_linked_new_batch
fox_bros_bar_b_q_the_que_osk,Atlanta,Fox Bros Bar-B-Q - The Que-Osk,Sides,Brisket Chili - Cup,6.00,listed,Official restaurant menu,https://www.foxbrosbbq.com/the-queosk,2026-10-10,,not_licensed_or_verified,,USD,source_linked_new_batch
fox_bros_bar_b_q_the_que_osk,Atlanta,Fox Bros Bar-B-Q - The Que-Osk,Sides,Brisket Chili - Pint,11.00,listed,Official restaurant menu,https://www.foxbrosbbq.com/the-queosk,2026-10-10,,not_licensed_or_verified,,USD,source_linked_new_batch
fox_bros_bar_b_q_the_que_osk,Atlanta,Fox Bros Bar-B-Q - The Que-Osk,Sides,Collard Greens,5.00,listed,Official restaurant menu,https://www.foxbrosbbq.com/the-queosk,2026-10-10,,not_licensed_or_verified,,USD,source_linked_new_batch
fox_bros_bar_b_q_the_que_osk,Atlanta,Fox Bros Bar-B-Q - The Que-Osk,Sides,Fox-a-Roni,6.00,listed,Official restaurant menu,https://www.foxbrosbbq.com/the-queosk,2026-10-10,,not_licensed_or_verified,,USD,source_linked_new_batch
fox_bros_bar_b_q_the_que_osk,Atlanta,Fox Bros Bar-B-Q - The Que-Osk,Sides,Slaw,5.00,listed,Official restaurant menu,https://www.foxbrosbbq.com/the-queosk,2026-10-10,,not_licensed_or_verified,,USD,source_linked_new_batch
fox_bros_bar_b_q_the_que_osk,Atlanta,Fox Bros Bar-B-Q - The Que-Osk,Sides,Frito Pie - Cup,5.00,listed,Official restaurant menu,https://www.foxbrosbbq.com/the-queosk,2026-10-10,,not_licensed_or_verified,,USD,source_linked_new_batch
fox_bros_bar_b_q_the_que_osk,Atlanta,Fox Bros Bar-B-Q - The Que-Osk,Sides,Frito Pie - Pint,9.00,listed,Official restaurant menu,https://www.foxbrosbbq.com/the-queosk,2026-10-10,,not_licensed_or_verified,,USD,source_linked_new_batch
fox_bros_bar_b_q_the_que_osk,Atlanta,Fox Bros Bar-B-Q - The Que-Osk,Sides,Chips,2.00,listed,Official restaurant menu,https://www.foxbrosbbq.com/the-queosk,2026-10-10,,not_licensed_or_verified,,USD,source_linked_new_batch
fox_bros_bar_b_q_the_que_osk,Atlanta,Fox Bros Bar-B-Q - The Que-Osk,Sides,Brunswick Stew,5.00,listed,Official restaurant menu,https://www.foxbrosbbq.com/the-queosk,2026-10-10,,not_licensed_or_verified,,USD,source_linked_new_batch
fox_bros_bar_b_q_the_que_osk,Atlanta,Fox Bros Bar-B-Q - The Que-Osk,Sides,Baked Beans,5.00,listed,Official restaurant menu,https://www.foxbrosbbq.com/the-queosk,2026-10-10,,not_licensed_or_verified,,USD,source_linked_new_batch
fox_bros_bar_b_q_the_que_osk,Atlanta,Fox Bros Bar-B-Q - The Que-Osk,Sides,Chili-mac,6.00,listed,Official restaurant menu,https://www.foxbrosbbq.com/the-queosk,2026-10-10,,not_licensed_or_verified,,USD,source_linked_new_batch
fox_bros_bar_b_q_the_que_osk,Atlanta,Fox Bros Bar-B-Q - The Que-Osk,Sides,Mac & Cheese,6.00,listed,Official restaurant menu,https://www.foxbrosbbq.com/the-queosk,2026-10-10,,not_licensed_or_verified,,USD,source_linked_new_batch
fox_bros_bar_b_q_the_que_osk,Atlanta,Fox Bros Bar-B-Q - The Que-Osk,Sides,Potato Salad,5.00,listed,Official restaurant menu,https://www.foxbrosbbq.com/the-queosk,2026-10-10,,not_licensed_or_verified,,USD,source_linked_new_batch
fox_bros_bar_b_q_the_que_osk,Atlanta,Fox Bros Bar-B-Q - The Que-Osk,Sides,Jalapeño Cornbread & Honey Butter,3.00,listed,Official restaurant menu,https://www.foxbrosbbq.com/the-queosk,2026-10-10,,not_licensed_or_verified,,USD,source_linked_new_batch
fox_bros_bar_b_q_the_que_osk,Atlanta,Fox Bros Bar-B-Q - The Que-Osk,Drinks & Dessert,Banana Pudding,6.00,listed,Official restaurant menu,https://www.foxbrosbbq.com/the-queosk,2026-10-10,,not_licensed_or_verified,,USD,source_linked_new_batch
fox_bros_bar_b_q_the_que_osk,Atlanta,Fox Bros Bar-B-Q - The Que-Osk,Drinks & Dessert,Soda,2.00,listed,Official restaurant menu,https://www.foxbrosbbq.com/the-queosk,2026-10-10,,not_licensed_or_verified,,USD,source_linked_new_batch
fox_bros_bar_b_q_the_que_osk,Atlanta,Fox Bros Bar-B-Q - The Que-Osk,Drinks & Dessert,Gold Peak Sweet Tea,3.00,listed,Official restaurant menu,https://www.foxbrosbbq.com/the-queosk,2026-10-10,,not_licensed_or_verified,,USD,source_linked_new_batch
fox_bros_bar_b_q_the_que_osk,Atlanta,Fox Bros Bar-B-Q - The Que-Osk,Drinks & Dessert,Gold Peak Unsweet Tea,3.00,listed,Official restaurant menu,https://www.foxbrosbbq.com/the-queosk,2026-10-10,,not_licensed_or_verified,,USD,source_linked_new_batch
fox_bros_bar_b_q_the_que_osk,Atlanta,Fox Bros Bar-B-Q - The Que-Osk,Drinks & Dessert,Dasani,1.50,listed,Official restaurant menu,https://www.foxbrosbbq.com/the-queosk,2026-10-10,,not_licensed_or_verified,,USD,source_linked_new_batch
fox_bros_bar_b_q_the_que_osk,Atlanta,Fox Bros Bar-B-Q - The Que-Osk,Drinks & Dessert,Lemonade,2.00,listed,Official restaurant menu,https://www.foxbrosbbq.com/the-queosk,2026-10-10,,not_licensed_or_verified,,USD,source_linked_new_batch
fox_bros_bar_b_q_the_works,Atlanta,Fox Bros Bar-B-Q - The Works,Appetizers,Texas Fries,12.00,listed,Official restaurant menu,https://www.foxbrosbbq.com/menus/the-works-menu?location=fox-bros-bar-b-q-the-works,2026-10-10,,not_licensed_or_verified,,USD,source_linked_new_batch
fox_bros_bar_b_q_the_works,Atlanta,Fox Bros Bar-B-Q - The Works,Appetizers,Fried Pickles / Jalapeño Chips,7.00,listed,Official restaurant menu,https://www.foxbrosbbq.com/menus/the-works-menu?location=fox-bros-bar-b-q-the-works,2026-10-10,,not_licensed_or_verified,,USD,source_linked_new_batch
fox_bros_bar_b_q_the_works,Atlanta,Fox Bros Bar-B-Q - The Works,Appetizers,Smoked Wings - 6 Pieces,12.00,listed,Official restaurant menu,https://www.foxbrosbbq.com/menus/the-works-menu?location=fox-bros-bar-b-q-the-works,2026-10-10,,not_licensed_or_verified,,USD,source_linked_new_batch
fox_bros_bar_b_q_the_works,Atlanta,Fox Bros Bar-B-Q - The Works,Appetizers,Smoked Wings - 12 Pieces,24.00,listed,Official restaurant menu,https://www.foxbrosbbq.com/menus/the-works-menu?location=fox-bros-bar-b-q-the-works,2026-10-10,,not_licensed_or_verified,,USD,source_linked_new_batch
fox_bros_bar_b_q_the_works,Atlanta,Fox Bros Bar-B-Q - The Works,Appetizers,Smoked Wings - 24 Pieces,45.00,listed,Official restaurant menu,https://www.foxbrosbbq.com/menus/the-works-menu?location=fox-bros-bar-b-q-the-works,2026-10-10,,not_licensed_or_verified,,USD,source_linked_new_batch
fox_bros_bar_b_q_the_works,Atlanta,Fox Bros Bar-B-Q - The Works,Appetizers,Chicken Fried Ribs,13.00,listed,Official restaurant menu,https://www.foxbrosbbq.com/menus/the-works-menu?location=fox-bros-bar-b-q-the-works,2026-10-10,,not_licensed_or_verified,,USD,source_linked_new_batch
fox_bros_bar_b_q_the_works,Atlanta,Fox Bros Bar-B-Q - The Works,Appetizers,Jalapeño Cheddar Sausage & Pimento Cheese,8.00,listed,Official restaurant menu,https://www.foxbrosbbq.com/menus/the-works-menu?location=fox-bros-bar-b-q-the-works,2026-10-10,,not_licensed_or_verified,,USD,source_linked_new_batch
founding_farmers_dc,Washington DC,Founding Farmers DC,Starters,Garlic Black Pepper Wings,16.50,listed,Official ordering,https://foundingfarmers.orderexperience.net/65a57f038a2188f1360afaf7/menu/65de4ae12826b88b5609ac6b?id=65a58923c34b9339220acf42,2026-10-10,,not_licensed_or_verified,,USD,source_linked_new_batch
founding_farmers_dc,Washington DC,Founding Farmers DC,Starters,Whirley Pop Kettle Corn,9.50,listed,Official ordering,https://foundingfarmers.orderexperience.net/65a57f038a2188f1360afaf7/menu/65de4ae12826b88b5609ac6b?id=65a58923c34b9339220acf42,2026-10-10,,not_licensed_or_verified,,USD,source_linked_new_batch
founding_farmers_distillers,Washington DC,Founding Farmers & Distillers,Soups & Salads,Roasted Tomato Soup & Ciabatta,7.99,listed,Official PDF dated 2025-12-16,https://www.wearefoundingfarmers.com/wp-content/uploads/2023/03/FFD-LunchDinner_12.16.25_F.pdf,2026-10-10,,not_licensed_or_verified,,USD,source_linked_new_batch
founding_farmers_distillers,Washington DC,Founding Farmers & Distillers,Soups & Salads,Chicken Noodle Soup & Biscuit,9.99,listed,Official PDF dated 2025-12-16,https://www.wearefoundingfarmers.com/wp-content/uploads/2023/03/FFD-LunchDinner_12.16.25_F.pdf,2026-10-10,,not_licensed_or_verified,,USD,source_linked_new_batch
founding_farmers_distillers,Washington DC,Founding Farmers & Distillers,Soups & Salads,Farmers Salad,14.99,listed,Official PDF dated 2025-12-16,https://www.wearefoundingfarmers.com/wp-content/uploads/2023/03/FFD-LunchDinner_12.16.25_F.pdf,2026-10-10,,not_licensed_or_verified,,USD,source_linked_new_batch
founding_farmers_distillers,Washington DC,Founding Farmers & Distillers,Soups & Salads,Little Gem Caesar,14.99,listed,Official PDF dated 2025-12-16,https://www.wearefoundingfarmers.com/wp-content/uploads/2023/03/FFD-LunchDinner_12.16.25_F.pdf,2026-10-10,,not_licensed_or_verified,,USD,source_linked_new_batch
founding_farmers_distillers,Washington DC,Founding Farmers & Distillers,Soups & Salads,General’s House Salad,14.99,listed,Official PDF dated 2025-12-16,https://www.wearefoundingfarmers.com/wp-content/uploads/2023/03/FFD-LunchDinner_12.16.25_F.pdf,2026-10-10,,not_licensed_or_verified,,USD,source_linked_new_batch
founding_farmers_distillers,Washington DC,Founding Farmers & Distillers,Soups & Salads,Apple & Danish Blue Salad,14.99,listed,Official PDF dated 2025-12-16,https://www.wearefoundingfarmers.com/wp-content/uploads/2023/03/FFD-LunchDinner_12.16.25_F.pdf,2026-10-10,,not_licensed_or_verified,,USD,source_linked_new_batch
founding_farmers_distillers,Washington DC,Founding Farmers & Distillers,Soups & Salads,Purple & Black Kale Salad,14.99,listed,Official PDF dated 2025-12-16,https://www.wearefoundingfarmers.com/wp-content/uploads/2023/03/FFD-LunchDinner_12.16.25_F.pdf,2026-10-10,,not_licensed_or_verified,,USD,source_linked_new_batch
founding_farmers_distillers,Washington DC,Founding Farmers & Distillers,Soups & Salads,Italian Marinated Tomato & Aged Provolone,14.99,listed,Official PDF dated 2025-12-16,https://www.wearefoundingfarmers.com/wp-content/uploads/2023/03/FFD-LunchDinner_12.16.25_F.pdf,2026-10-10,,not_licensed_or_verified,,USD,source_linked_new_batch
founding_farmers_distillers,Washington DC,Founding Farmers & Distillers,Soups & Salads,Drag Through the Garden,14.99,listed,Official PDF dated 2025-12-16,https://www.wearefoundingfarmers.com/wp-content/uploads/2023/03/FFD-LunchDinner_12.16.25_F.pdf,2026-10-10,,not_licensed_or_verified,,USD,source_linked_new_batch
founding_farmers_distillers,Washington DC,Founding Farmers & Distillers,Soups & Salads,Good All Green,14.99,listed,Official PDF dated 2025-12-16,https://www.wearefoundingfarmers.com/wp-content/uploads/2023/03/FFD-LunchDinner_12.16.25_F.pdf,2026-10-10,,not_licensed_or_verified,,USD,source_linked_new_batch
founding_farmers_distillers,Washington DC,Founding Farmers & Distillers,Soups & Salads,Chinese Fried Chicken Salad,19.99,listed,Official PDF dated 2025-12-16,https://www.wearefoundingfarmers.com/wp-content/uploads/2023/03/FFD-LunchDinner_12.16.25_F.pdf,2026-10-10,,not_licensed_or_verified,,USD,source_linked_new_batch
founding_farmers_distillers,Washington DC,Founding Farmers & Distillers,Soups & Salads,Fried Chicken Salad,19.99,listed,Official PDF dated 2025-12-16,https://www.wearefoundingfarmers.com/wp-content/uploads/2023/03/FFD-LunchDinner_12.16.25_F.pdf,2026-10-10,,not_licensed_or_verified,,USD,source_linked_new_batch
founding_farmers_distillers,Washington DC,Founding Farmers & Distillers,Soups & Salads,Spicy Ahi Tuna & Avocado Poke,24.99,listed,Official PDF dated 2025-12-16,https://www.wearefoundingfarmers.com/wp-content/uploads/2023/03/FFD-LunchDinner_12.16.25_F.pdf,2026-10-10,,not_licensed_or_verified,,USD,source_linked_new_batch
founding_farmers_distillers,Washington DC,Founding Farmers & Distillers,Soups & Salads,Seared Scallops & Shrimp Salad,26.99,listed,Official PDF dated 2025-12-16,https://www.wearefoundingfarmers.com/wp-content/uploads/2023/03/FFD-LunchDinner_12.16.25_F.pdf,2026-10-10,,not_licensed_or_verified,,USD,source_linked_new_batch
founding_farmers_distillers,Washington DC,Founding Farmers & Distillers,Soups & Salads,Louie Cobb,27.99,listed,Official PDF dated 2025-12-16,https://www.wearefoundingfarmers.com/wp-content/uploads/2023/03/FFD-LunchDinner_12.16.25_F.pdf,2026-10-10,,not_licensed_or_verified,,USD,source_linked_new_batch
founding_farmers_distillers,Washington DC,Founding Farmers & Distillers,Pasta & Seafood,Linguine Pomodoro,19.99,listed,Official PDF dated 2025-12-16,https://www.wearefoundingfarmers.com/wp-content/uploads/2023/03/FFD-LunchDinner_12.16.25_F.pdf,2026-10-10,,not_licensed_or_verified,,USD,source_linked_new_batch
founding_farmers_distillers,Washington DC,Founding Farmers & Distillers,Pasta & Seafood,Ricotta Gnocchi Pomodoro,19.99,listed,Official PDF dated 2025-12-16,https://www.wearefoundingfarmers.com/wp-content/uploads/2023/03/FFD-LunchDinner_12.16.25_F.pdf,2026-10-10,,not_licensed_or_verified,,USD,source_linked_new_batch
founding_farmers_distillers,Washington DC,Founding Farmers & Distillers,Pasta & Seafood,Pappardelle Bolognese,19.99,listed,Official PDF dated 2025-12-16,https://www.wearefoundingfarmers.com/wp-content/uploads/2023/03/FFD-LunchDinner_12.16.25_F.pdf,2026-10-10,,not_licensed_or_verified,,USD,source_linked_new_batch
founding_farmers_distillers,Washington DC,Founding Farmers & Distillers,Pasta & Seafood,Butternut Squash & Mascarpone Ravioli,19.99,listed,Official PDF dated 2025-12-16,https://www.wearefoundingfarmers.com/wp-content/uploads/2023/03/FFD-LunchDinner_12.16.25_F.pdf,2026-10-10,,not_licensed_or_verified,,USD,source_linked_new_batch
founding_farmers_distillers,Washington DC,Founding Farmers & Distillers,Pasta & Seafood,Seven Cheese Macaroni,20.99,listed,Official PDF dated 2025-12-16,https://www.wearefoundingfarmers.com/wp-content/uploads/2023/03/FFD-LunchDinner_12.16.25_F.pdf,2026-10-10,,not_licensed_or_verified,,USD,source_linked_new_batch
founding_farmers_distillers,Washington DC,Founding Farmers & Distillers,Pasta & Seafood,Southern Carbonara Linguine,20.99,listed,Official PDF dated 2025-12-16,https://www.wearefoundingfarmers.com/wp-content/uploads/2023/03/FFD-LunchDinner_12.16.25_F.pdf,2026-10-10,,not_licensed_or_verified,,USD,source_linked_new_batch
founding_farmers_distillers,Washington DC,Founding Farmers & Distillers,Pasta & Seafood,Cheese Ravioli & Roasted Tomato Cream,20.99,listed,Official PDF dated 2025-12-16,https://www.wearefoundingfarmers.com/wp-content/uploads/2023/03/FFD-LunchDinner_12.16.25_F.pdf,2026-10-10,,not_licensed_or_verified,,USD,source_linked_new_batch
founding_farmers_distillers,Washington DC,Founding Farmers & Distillers,Pasta & Seafood,Lemon Parmesan Shrimp Capellini,24.99,listed,Official PDF dated 2025-12-16,https://www.wearefoundingfarmers.com/wp-content/uploads/2023/03/FFD-LunchDinner_12.16.25_F.pdf,2026-10-10,,not_licensed_or_verified,,USD,source_linked_new_batch
founding_farmers_distillers,Washington DC,Founding Farmers & Distillers,Pasta & Seafood,"Sausage, Mushroom & Amaretto Cream Ricotta Gnocchi",24.99,listed,Official PDF dated 2025-12-16,https://www.wearefoundingfarmers.com/wp-content/uploads/2023/03/FFD-LunchDinner_12.16.25_F.pdf,2026-10-10,,not_licensed_or_verified,,USD,source_linked_new_batch
founding_farmers_distillers,Washington DC,Founding Farmers & Distillers,Pasta & Seafood,Shrimp & Walnut-Pesto Linguine,27.99,listed,Official PDF dated 2025-12-16,https://www.wearefoundingfarmers.com/wp-content/uploads/2023/03/FFD-LunchDinner_12.16.25_F.pdf,2026-10-10,,not_licensed_or_verified,,USD,source_linked_new_batch
founding_farmers_distillers,Washington DC,Founding Farmers & Distillers,Pasta & Seafood,Shrimp Linguine Pomodoro,30.99,listed,Official PDF dated 2025-12-16,https://www.wearefoundingfarmers.com/wp-content/uploads/2023/03/FFD-LunchDinner_12.16.25_F.pdf,2026-10-10,,not_licensed_or_verified,,USD,source_linked_new_batch
founding_farmers_distillers,Washington DC,Founding Farmers & Distillers,Pasta & Seafood,Old Bay Crab Ravioli,35.99,listed,Official PDF dated 2025-12-16,https://www.wearefoundingfarmers.com/wp-content/uploads/2023/03/FFD-LunchDinner_12.16.25_F.pdf,2026-10-10,,not_licensed_or_verified,,USD,source_linked_new_batch
founding_farmers_distillers,Washington DC,Founding Farmers & Distillers,Pasta & Seafood,"Fish, Chips & Slaw",24.50,listed,Official PDF dated 2025-12-16,https://www.wearefoundingfarmers.com/wp-content/uploads/2023/03/FFD-LunchDinner_12.16.25_F.pdf,2026-10-10,,not_licensed_or_verified,,USD,source_linked_new_batch
founding_farmers_distillers,Washington DC,Founding Farmers & Distillers,Pasta & Seafood,Cracker-Crusted Shrimp,26.50,listed,Official PDF dated 2025-12-16,https://www.wearefoundingfarmers.com/wp-content/uploads/2023/03/FFD-LunchDinner_12.16.25_F.pdf,2026-10-10,,not_licensed_or_verified,,USD,source_linked_new_batch
founding_farmers_distillers,Washington DC,Founding Farmers & Distillers,Pasta & Seafood,Shrimp Scampi,27.50,listed,Official PDF dated 2025-12-16,https://www.wearefoundingfarmers.com/wp-content/uploads/2023/03/FFD-LunchDinner_12.16.25_F.pdf,2026-10-10,,not_licensed_or_verified,,USD,source_linked_new_batch
founding_farmers_distillers,Washington DC,Founding Farmers & Distillers,Pasta & Seafood,Cioppino,28.50,listed,Official PDF dated 2025-12-16,https://www.wearefoundingfarmers.com/wp-content/uploads/2023/03/FFD-LunchDinner_12.16.25_F.pdf,2026-10-10,,not_licensed_or_verified,,USD,source_linked_new_batch
founding_farmers_distillers,Washington DC,Founding Farmers & Distillers,Pasta & Seafood,Fishers Fry Combo,31.50,listed,Official PDF dated 2025-12-16,https://www.wearefoundingfarmers.com/wp-content/uploads/2023/03/FFD-LunchDinner_12.16.25_F.pdf,2026-10-10,,not_licensed_or_verified,,USD,source_linked_new_batch
founding_farmers_distillers,Washington DC,Founding Farmers & Distillers,Pasta & Seafood,Seared Sushi-Grade Tuna,33.50,listed,Official PDF dated 2025-12-16,https://www.wearefoundingfarmers.com/wp-content/uploads/2023/03/FFD-LunchDinner_12.16.25_F.pdf,2026-10-10,,not_licensed_or_verified,,USD,source_linked_new_batch
founding_farmers_distillers,Washington DC,Founding Farmers & Distillers,Pasta & Seafood,Glazed Cedar Plank Salmon,34.50,listed,Official PDF dated 2025-12-16,https://www.wearefoundingfarmers.com/wp-content/uploads/2023/03/FFD-LunchDinner_12.16.25_F.pdf,2026-10-10,,not_licensed_or_verified,,USD,source_linked_new_batch
founding_farmers_distillers,Washington DC,Founding Farmers & Distillers,Pasta & Seafood,Scallops Meunière,34.50,listed,Official PDF dated 2025-12-16,https://www.wearefoundingfarmers.com/wp-content/uploads/2023/03/FFD-LunchDinner_12.16.25_F.pdf,2026-10-10,,not_licensed_or_verified,,USD,source_linked_new_batch
founding_farmers_distillers,Washington DC,Founding Farmers & Distillers,Pasta & Seafood,"Crab Cakes, Fries & Slaw",37.50,listed,Official PDF dated 2025-12-16,https://www.wearefoundingfarmers.com/wp-content/uploads/2023/03/FFD-LunchDinner_12.16.25_F.pdf,2026-10-10,,not_licensed_or_verified,,USD,source_linked_new_batch
