restaurant_id,city,restaurant,category,item_name,price_usd,price_type,platform,source_url,verified_date,photo_url,photo_status,description,currency
charlotte_midwood_smokehouse_-_central,Charlotte,Midwood Smokehouse - Central,Starters,Cornbread Skillet,11.00,listed,Official pickup,https://order.midwoodsmokehouse.com/order/midwood-smokehouse-central-1401-central-ave,2026-10-10,,not_licensed_or_verified,,USD
charlotte_midwood_smokehouse_-_central,Charlotte,Midwood Smokehouse - Central,Starters,Hushpuppies - Small,5.00,listed,Official pickup,https://order.midwoodsmokehouse.com/order/midwood-smokehouse-central-1401-central-ave,2026-10-10,,not_licensed_or_verified,,USD
charlotte_midwood_smokehouse_-_central,Charlotte,Midwood Smokehouse - Central,Starters,Hushpuppies - Large,7.00,listed,Official pickup,https://order.midwoodsmokehouse.com/order/midwood-smokehouse-central-1401-central-ave,2026-10-10,,not_licensed_or_verified,,USD
charlotte_midwood_smokehouse_-_central,Charlotte,Midwood Smokehouse - Central,Starters,Smoked Wings,15.00,listed,Official pickup,https://order.midwoodsmokehouse.com/order/midwood-smokehouse-central-1401-central-ave,2026-10-10,,not_licensed_or_verified,,USD
charlotte_midwood_smokehouse_-_central,Charlotte,Midwood Smokehouse - Central,Starters,Crispy Wings,15.00,listed,Official pickup,https://order.midwoodsmokehouse.com/order/midwood-smokehouse-central-1401-central-ave,2026-10-10,,not_licensed_or_verified,,USD
charlotte_midwood_smokehouse_-_central,Charlotte,Midwood Smokehouse - Central,Starters,Mateo's Taquitos,10.00,listed,Official pickup,https://order.midwoodsmokehouse.com/order/midwood-smokehouse-central-1401-central-ave,2026-10-10,,not_licensed_or_verified,,USD
charlotte_midwood_smokehouse_-_central,Charlotte,Midwood Smokehouse - Central,Starters,Miguel's Queso,8.00,listed,Official pickup,https://order.midwoodsmokehouse.com/order/midwood-smokehouse-central-1401-central-ave,2026-10-10,,not_licensed_or_verified,,USD
charlotte_midwood_smokehouse_-_central,Charlotte,Midwood Smokehouse - Central,Starters,Nachos Libre,10.00,listed,Official pickup,https://order.midwoodsmokehouse.com/order/midwood-smokehouse-central-1401-central-ave,2026-10-10,,not_licensed_or_verified,,USD
charlotte_midwood_smokehouse_-_charlotte_delivery,Charlotte,Midwood Smokehouse - Charlotte delivery,BBQ,Ribs - Half Rack,24.57,listed,DoorDash,https://www.doordash.com/en/store/midwood-smokehouse-charlotte-131969/,2026-10-10,,not_licensed_or_verified,,USD
charlotte_midwood_smokehouse_-_charlotte_delivery,Charlotte,Midwood Smokehouse - Charlotte delivery,BBQ,Carolina Pork - Small,14.04,listed,DoorDash,https://www.doordash.com/en/store/midwood-smokehouse-charlotte-131969/,2026-10-10,,not_licensed_or_verified,,USD
charlotte_midwood_smokehouse_-_charlotte_delivery,Charlotte,Midwood Smokehouse - Charlotte delivery,BBQ,Pulled Chicken - Large,19.88,listed,DoorDash,https://www.doordash.com/en/store/midwood-smokehouse-charlotte-131969/,2026-10-10,,not_licensed_or_verified,,USD
charlotte_midwood_smokehouse_-_charlotte_delivery,Charlotte,Midwood Smokehouse - Charlotte delivery,BBQ,Burnt Ends - Small,22.81,listed,DoorDash,https://www.doordash.com/en/store/midwood-smokehouse-charlotte-131969/,2026-10-10,,not_licensed_or_verified,,USD
charlotte_midwood_smokehouse_-_charlotte_delivery,Charlotte,Midwood Smokehouse - Charlotte delivery,BBQ,Half Chicken,17.55,listed,DoorDash,https://www.doordash.com/en/store/midwood-smokehouse-charlotte-131969/,2026-10-10,,not_licensed_or_verified,,USD
charlotte_midwood_smokehouse_-_charlotte_delivery,Charlotte,Midwood Smokehouse - Charlotte delivery,Tacos,Birriabecue Tacos,16.38,listed,DoorDash,https://www.doordash.com/en/store/midwood-smokehouse-charlotte-131969/,2026-10-10,,not_licensed_or_verified,,USD
charlotte_midwood_smokehouse_-_charlotte_delivery,Charlotte,Midwood Smokehouse - Charlotte delivery,Sandwiches,Pork Sandwich,13.45,listed,DoorDash,https://www.doordash.com/en/store/midwood-smokehouse-charlotte-131969/,2026-10-10,,not_licensed_or_verified,,USD
charlotte_midwood_smokehouse_-_charlotte_delivery,Charlotte,Midwood Smokehouse - Charlotte delivery,Sandwiches,Brisket Sandwich,16.38,listed,DoorDash,https://www.doordash.com/en/store/midwood-smokehouse-charlotte-131969/,2026-10-10,,not_licensed_or_verified,,USD
charlotte_midwood_smokehouse_-_charlotte_delivery,Charlotte,Midwood Smokehouse - Charlotte delivery,Sandwiches,Lonestar,19.88,listed,DoorDash,https://www.doordash.com/en/store/midwood-smokehouse-charlotte-131969/,2026-10-10,,not_licensed_or_verified,,USD
charlotte_midwood_smokehouse_-_charlotte_delivery,Charlotte,Midwood Smokehouse - Charlotte delivery,Sandwiches,1930 Cheesesteak,21.06,listed,DoorDash,https://www.doordash.com/en/store/midwood-smokehouse-charlotte-131969/,2026-10-10,,not_licensed_or_verified,,USD
charlotte_midwood_smokehouse_-_charlotte_delivery,Charlotte,Midwood Smokehouse - Charlotte delivery,Sides,Mac & Cheese,4.68,listed,DoorDash,https://www.doordash.com/en/store/midwood-smokehouse-charlotte-131969/,2026-10-10,,not_licensed_or_verified,,USD
charlotte_midwood_smokehouse_-_charlotte_delivery,Charlotte,Midwood Smokehouse - Charlotte delivery,Sides,Collard Greens,4.68,listed,DoorDash,https://www.doordash.com/en/store/midwood-smokehouse-charlotte-131969/,2026-10-10,,not_licensed_or_verified,,USD
charlotte_midwood_smokehouse_-_charlotte_delivery,Charlotte,Midwood Smokehouse - Charlotte delivery,Sides,Baked Beans,4.68,listed,DoorDash,https://www.doordash.com/en/store/midwood-smokehouse-charlotte-131969/,2026-10-10,,not_licensed_or_verified,,USD
miami_coyo_taco_-_bayside,Miami,Coyo Taco - Bayside,Burrito bowls,Carne Asada Burrito Bowl,18.50,listed,DoorDash,https://www.doordash.com/store/coyo-taco-46140901/,2026-10-10,,not_licensed_or_verified,,USD
miami_coyo_taco_-_bayside,Miami,Coyo Taco - Bayside,Quesadillas,Pollo al Carbon Quesadilla,18.50,listed,DoorDash,https://www.doordash.com/store/coyo-taco-46140901/,2026-10-10,,not_licensed_or_verified,,USD
miami_coyo_taco_-_bayside,Miami,Coyo Taco - Bayside,Burrito bowls,Plain Burrito Bowl,16.50,listed,DoorDash,https://www.doordash.com/store/coyo-taco-46140901/,2026-10-10,,not_licensed_or_verified,,USD
miami_coyo_taco_-_bayside,Miami,Coyo Taco - Bayside,Burritos,Carne Asada Burrito,18.50,listed,DoorDash,https://www.doordash.com/store/coyo-taco-46140901/,2026-10-10,,not_licensed_or_verified,,USD
miami_coyo_taco_-_bayside,Miami,Coyo Taco - Bayside,Quesadillas,Beef Birria Quesadilla,19.50,listed,DoorDash,https://www.doordash.com/store/coyo-taco-46140901/,2026-10-10,,not_licensed_or_verified,,USD
miami_coyo_taco_-_bayside,Miami,Coyo Taco - Bayside,Tacos,Beef Birria Tacos,14.00,listed,DoorDash,https://www.doordash.com/store/coyo-taco-46140901/,2026-10-10,,not_licensed_or_verified,,USD
miami_coyo_taco_-_bayside,Miami,Coyo Taco - Bayside,Burrito bowls,Al Pastor Burrito Bowl,17.50,listed,DoorDash,https://www.doordash.com/store/coyo-taco-46140901/,2026-10-10,,not_licensed_or_verified,,USD
nashville_hattie_bs_hot_chicken_-_nashville,Nashville,Hattie B's Hot Chicken - Nashville,Sandwiches,Classic Sandwich w/1 Side,10.75,listed,Official menu,https://www.hattieb.com/menu-w-pricing,2026-10-10,,not_licensed_or_verified,,USD
nashville_hattie_bs_hot_chicken_-_nashville,Nashville,Hattie B's Hot Chicken - Nashville,Sandwiches,Classic Sandwich Only,9.25,listed,Official menu,https://www.hattieb.com/menu-w-pricing,2026-10-10,,not_licensed_or_verified,,USD
nashville_hattie_bs_hot_chicken_-_nashville,Nashville,Hattie B's Hot Chicken - Nashville,Sandwiches,Grilled Sandwich w/1 Side,10.75,listed,Official menu,https://www.hattieb.com/menu-w-pricing,2026-10-10,,not_licensed_or_verified,,USD
nashville_hattie_bs_hot_chicken_-_nashville,Nashville,Hattie B's Hot Chicken - Nashville,Sandwiches,Grilled Sandwich Only,9.25,listed,Official menu,https://www.hattieb.com/menu-w-pricing,2026-10-10,,not_licensed_or_verified,,USD
nashville_hattie_bs_hot_chicken_-_nashville,Nashville,Hattie B's Hot Chicken - Nashville,Add-ons,American or Pimento Cheese,1.00,listed,Official menu,https://www.hattieb.com/menu-w-pricing,2026-10-10,,not_licensed_or_verified,,USD
washington_dc_bens_chili_bowl_-_washington,Washington DC,Ben's Chili Bowl - Washington,Dogs,Original Half-Smoke,9.79,listed,DoorDash,https://www.doordash.com/store/ben-s-chili-bowl-washington-235957/,2026-10-10,,not_licensed_or_verified,,USD
washington_dc_bens_chili_bowl_-_washington,Washington DC,Ben's Chili Bowl - Washington,Dogs,Spicy Half Smoke,9.79,listed,DoorDash,https://www.doordash.com/store/ben-s-chili-bowl-washington-235957/,2026-10-10,,not_licensed_or_verified,,USD
washington_dc_bens_chili_bowl_-_washington,Washington DC,Ben's Chili Bowl - Washington,Dogs,Jumbo Beef Dog,9.79,listed,DoorDash,https://www.doordash.com/store/ben-s-chili-bowl-washington-235957/,2026-10-10,,not_licensed_or_verified,,USD
washington_dc_bens_chili_bowl_-_washington,Washington DC,Ben's Chili Bowl - Washington,Dogs,Junior Dog,6.89,listed,DoorDash,https://www.doordash.com/store/ben-s-chili-bowl-washington-235957/,2026-10-10,,not_licensed_or_verified,,USD
washington_dc_bens_chili_bowl_-_washington,Washington DC,Ben's Chili Bowl - Washington,Dogs,Veggie Dog,12.69,listed,DoorDash,https://www.doordash.com/store/ben-s-chili-bowl-washington-235957/,2026-10-10,,not_licensed_or_verified,,USD
washington_dc_bens_chili_bowl_-_washington,Washington DC,Ben's Chili Bowl - Washington,Burgers,Ben's Famous Burger - Single,10.99,listed,DoorDash,https://www.doordash.com/store/ben-s-chili-bowl-washington-235957/,2026-10-10,,not_licensed_or_verified,,USD
washington_dc_bens_chili_bowl_-_washington,Washington DC,Ben's Chili Bowl - Washington,Sides,French Fries,5.79,listed,DoorDash,https://www.doordash.com/store/ben-s-chili-bowl-washington-235957/,2026-10-10,,not_licensed_or_verified,,USD
washington_dc_bens_chili_bowl_-_washington,Washington DC,Ben's Chili Bowl - Washington,Sides,Chili Cheese Fries (Beef),9.99,listed,DoorDash,https://www.doordash.com/store/ben-s-chili-bowl-washington-235957/,2026-10-10,,not_licensed_or_verified,,USD
washington_dc_bens_chili_bowl_-_washington,Washington DC,Ben's Chili Bowl - Washington,Bowls,Large Chili Con Carne,11.49,listed,DoorDash,https://www.doordash.com/store/ben-s-chili-bowl-washington-235957/,2026-10-10,,not_licensed_or_verified,,USD
washington_dc_bens_chili_bowl_-_washington,Washington DC,Ben's Chili Bowl - Washington,Bowls,Large Veggie Chili,11.49,listed,DoorDash,https://www.doordash.com/store/ben-s-chili-bowl-washington-235957/,2026-10-10,,not_licensed_or_verified,,USD
washington_dc_bens_chili_bowl_-_washington,Washington DC,Ben's Chili Bowl - Washington,Bowls,Small Chili Con Carne,9.19,listed,DoorDash,https://www.doordash.com/store/ben-s-chili-bowl-washington-235957/,2026-10-10,,not_licensed_or_verified,,USD
washington_dc_bens_chili_bowl_-_washington,Washington DC,Ben's Chili Bowl - Washington,Bowls,Rice Bowl,14.99,listed,DoorDash,https://www.doordash.com/store/ben-s-chili-bowl-washington-235957/,2026-10-10,,not_licensed_or_verified,,USD
washington_dc_bens_chili_bowl_-_washington,Washington DC,Ben's Chili Bowl - Washington,Desserts,Ben's Cornbread Slice,2.50,listed,DoorDash,https://www.doordash.com/store/ben-s-chili-bowl-washington-235957/,2026-10-10,,not_licensed_or_verified,,USD
chicago_portillos_-_chicago,Chicago,Portillo's - Chicago,Sandwiches,Italian Beef Sandwich,11.11+,starting_at,DoorDash,https://www.doordash.com/en/store/portillos-50831/,2026-10-10,,not_licensed_or_verified,,USD
chicago_portillos_-_chicago,Chicago,Portillo's - Chicago,Hot Dogs,Hot Dog,5.74+,starting_at,DoorDash,https://www.doordash.com/en/store/portillos-50831/,2026-10-10,,not_licensed_or_verified,,USD
chicago_portillos_-_chicago,Chicago,Portillo's - Chicago,Sides,Fries,4.24+,starting_at,DoorDash,https://www.doordash.com/en/store/portillos-50831/,2026-10-10,,not_licensed_or_verified,,USD
chicago_portillos_-_chicago,Chicago,Portillo's - Chicago,Sides,Cheese Fries,4.24+,starting_at,DoorDash,https://www.doordash.com/en/store/portillos-50831/,2026-10-10,,not_licensed_or_verified,,USD
chicago_portillos_-_chicago,Chicago,Portillo's - Chicago,Sandwiches,Beef & Cheddar Croissant,11.61,listed,DoorDash,https://www.doordash.com/en/store/portillos-50831/,2026-10-10,,not_licensed_or_verified,,USD
chicago_portillos_-_chicago,Chicago,Portillo's - Chicago,Bowls,Classic Beef Bowl,11.24,listed,DoorDash,https://www.doordash.com/en/store/portillos-50831/,2026-10-10,,not_licensed_or_verified,,USD
chicago_portillos_-_chicago,Chicago,Portillo's - Chicago,Bowls,Chicago Combo Bowl,11.86,listed,DoorDash,https://www.doordash.com/en/store/portillos-50831/,2026-10-10,,not_licensed_or_verified,,USD
chicago_portillos_-_chicago,Chicago,Portillo's - Chicago,Sausage,Char Grilled Maxwell Street Polish Sausage,9.36+,starting_at,DoorDash,https://www.doordash.com/en/store/portillos-50831/,2026-10-10,,not_licensed_or_verified,,USD
chicago_portillos_-_chicago,Chicago,Portillo's - Chicago,Sandwiches,Combo Beef & Char Grilled Italian Sausage Sandwich,12.99+,starting_at,DoorDash,https://www.doordash.com/en/store/portillos-50831/,2026-10-10,,not_licensed_or_verified,,USD
chicago_portillos_-_chicago,Chicago,Portillo's - Chicago,Meals,Famous Meal #1: Italian Beef Sandwich,15.35+,starting_at,DoorDash,https://www.doordash.com/en/store/portillos-50831/,2026-10-10,,not_licensed_or_verified,,USD
chicago_portillos_-_chicago,Chicago,Portillo's - Chicago,Meals,Famous Meal #2: Two Hot Dogs,15.72+,starting_at,DoorDash,https://www.doordash.com/en/store/portillos-50831/,2026-10-10,,not_licensed_or_verified,,USD
chicago_portillos_-_chicago,Chicago,Portillo's - Chicago,Salads,Chopped Salad,16.99,listed,DoorDash,https://www.doordash.com/en/store/portillos-50831/,2026-10-10,,not_licensed_or_verified,,USD
philadelphia_federal_donuts_and_chicken_-_philadelphia,Philadelphia,Federal Donuts & Chicken - Philadelphia,Chicken,Original Fried Chicken Sandwich,11.00,listed,DoorDash,https://www.doordash.com/store/federal-donuts-philadelphia-1016826/,2026-10-10,,not_licensed_or_verified,,USD
philadelphia_federal_donuts_and_chicken_-_philadelphia,Philadelphia,Federal Donuts & Chicken - Philadelphia,Combos,Original Chicken Sandwich Combo,15.40,listed,DoorDash,https://www.doordash.com/store/federal-donuts-philadelphia-1016826/,2026-10-10,,not_licensed_or_verified,,USD
philadelphia_federal_donuts_and_chicken_-_philadelphia,Philadelphia,Federal Donuts & Chicken - Philadelphia,Donuts,Hot Dozen,22.00,listed,DoorDash,https://www.doordash.com/store/federal-donuts-philadelphia-1016826/,2026-10-10,,not_licensed_or_verified,,USD
philadelphia_federal_donuts_and_chicken_-_philadelphia,Philadelphia,Federal Donuts & Chicken - Philadelphia,Donuts,Hot Half,12.10,listed,DoorDash,https://www.doordash.com/store/federal-donuts-philadelphia-1016826/,2026-10-10,,not_licensed_or_verified,,USD
philadelphia_federal_donuts_and_chicken_-_philadelphia,Philadelphia,Federal Donuts & Chicken - Philadelphia,Donuts,Fancy Dozen,35.20,listed,DoorDash,https://www.doordash.com/store/federal-donuts-philadelphia-1016826/,2026-10-10,,not_licensed_or_verified,,USD
philadelphia_federal_donuts_and_chicken_-_philadelphia,Philadelphia,Federal Donuts & Chicken - Philadelphia,Donuts,Fancy Half Dozen,19.80,listed,DoorDash,https://www.doordash.com/store/federal-donuts-philadelphia-1016826/,2026-10-10,,not_licensed_or_verified,,USD
